system_name,n_particles,theta,softening,mean_relative_error,median_relative_error,max_relative_error,direct_runtime_s,barnes_hut_runtime_s,speedup
random_cloud,100,0.5,0.05,0.00836365953674708,0.0062883373003529905,0.030282610261670666,0.00045182099995599856,0.010048740999991423,0.04496294610005216
random_cloud,300,0.5,0.05,0.006452375755338329,0.004980664479521979,0.04991545412404658,0.005786887999988721,0.05492296699992494,0.10536371787774375
random_cloud,1000,0.5,0.05,0.005214221419607998,0.004189303053874621,0.0714095180380419,0.06719194300001163,0.2948839070000986,0.22785896891955237
random_cloud,3000,0.5,0.05,0.004825240920512752,0.003604321487674465,0.09556022384072868,0.6288204160000532,1.2272927650000156,0.5123638254316975
random_cloud,6000,0.5,0.05,0.004004625026431262,0.0031666805263753867,0.15227242361630225,2.5123602589999336,3.111882837000053,0.8073441034245117
